,n_estimators,min_samples_split,min_samples_leaf,max_features,score,Accuracy,f1_score,Acc_CV,f1_CV
57,775,3,1,0.1,0.7875125871720299,0.8333333333333334,0.8181818181818182,0.7441269841269841,0.7570218784769869
31,830,2,1,0.05,0.8332661782661783,0.8333333333333334,0.8461538461538461,0.768888888888889,0.7862071153247625
86,10,4,1,0.6,0.7770792176519732,0.7916666666666666,0.7368421052631577,0.6917460317460318,0.7456376612723363
