,data,AUC,Brier,BA,f1,MCC,classifier
0,whole,0.5870796783625731,0.31880900508351495,0.5419407894736842,0.4761904761904762,0.08603090020146066,M2
1,far_boundary,0.6125754207684979,0.2933723196881092,0.5408066052715148,0.46153846153846156,0.08580262376842161,M2
0,whole,0.6984463276836158,0.22321411271184644,0.6978813559322035,0.775330396475771,0.38398451226150204,M5
1,far_boundary,0.7465437788018433,0.20112271374655247,0.7248189598420014,0.803921568627451,0.4632570100962704,M5
0,whole,0.6838450292397661,0.24537079189277017,0.6236293859649122,0.6125,0.24234817963466398,M37
1,far_boundary,0.7249552772808587,0.22172655807125688,0.6585420393559929,0.6526315789473683,0.3170840787119857,M37
0,whole,0.6968926553672317,0.2418479171492906,0.663135593220339,0.6766169154228856,0.3091679755704359,M38
1,far_boundary,0.7459294436906376,0.21366863540151274,0.7111601085481682,0.7118644067796609,0.41451943601985103,M38
